Date,Price,Stochastic,Deterministic
2018-03-12,61.35,26.884551693699276,34.46544830630073
2018-03-13,60.69,-5.479475910776697,66.1694759107767
2018-03-14,60.89,162.1003673991476,-101.2103673991476
2018-03-15,61.16,-3.177158937650498,64.3371589376504
2018-03-16,62.29,104.12344378467704,-41.833443784677044
2018-03-19,62.01,119.51638776900268,-57.50638776900266
2018-03-20,63.37,-36.74553327044437,100.1155332704443
2018-03-21,65.1,-26.9273198064029,92.02731980640328
2018-03-22,64.25,141.26334667507254,-77.01334667507217
2018-03-23,65.8,-38.396271304244,104.19627130424487
2018-03-26,65.49,14.920024336538745,50.569975663461264
2018-03-27,65.21,73.97557637047088,-8.765576370471535
2018-03-28,64.3,-72.04329489043938,136.34329489044103
2018-03-29,64.87,94.01498577128616,-29.144985771286883
2018-04-02,63.05,82.2919939020733,-19.241993902071954
2018-04-03,63.41,-82.54500002232933,145.95500002232927
2018-04-04,63.35,902.40877808408,-839.05877808408
2018-04-05,63.53,96.29740172169446,-32.76740172169448
2018-04-06,62.03,-24.806650460055238,86.83665046005535
2018-04-09,63.4,156.21801076315947,-92.81801076315949
2018-04-10,65.48,124.08301421222646,-58.60301421222647
2018-04-11,66.81,32.04750681371532,34.7624931862847
2018-04-12,67.07,227.68262678712432,-160.61262678712433
2018-04-13,67.35,-15.59822720001636,82.94822720001636
2018-04-16,66.23,55.06051506472267,11.169484935277339
2018-04-17,66.5,112.3749206743895,-45.87492067438951
2018-04-18,68.44,5.5305761536298474,62.909423846370146
2018-04-19,68.3,1.029841091321928,67.27015890867807
2018-04-20,68.26,4.257418720587439,64.00258127941254
2018-04-23,67.61,-0.4640540307258809,68.07405403072588
2018-04-24,67.66,-2.2860563226817217,69.94605632268173
2018-04-25,68.0,4.069649674372544,63.93035032562746
2018-04-26,68.18,-1.4697597971018423,69.64975979710185
2018-04-27,68.11,-5.6717644726264,73.78176447262638
2018-04-30,68.56,7.497620452862624,61.06237954713737
2018-05-01,67.28,-6.774360609595987,74.05436060959596
2018-05-02,67.91,26.995085065456877,40.91491493454305
2018-05-03,68.45,-22.57485806832517,91.02485806832499
2018-05-04,69.71,111.50527961564329,-41.79527961564327
2018-05-07,70.74,317.69305498202567,-246.95305498202572
2018-05-08,68.83,411.5783064024586,-342.7483064024587
2018-05-09,71.16,-306.7542084927667,377.91420849276665
2018-05-10,71.36,-500.8887793061795,572.2487793061792
2018-05-11,70.69,-21.336088550274816,92.02608855027495
2018-05-14,71.01,410.6623316932186,-339.6523316932187
2018-05-15,71.34,483.79336316238886,-412.4533631623889
2018-05-16,71.43,241.89499516191347,-170.46499516191352
2018-05-17,71.47,0.6834779288112767,70.78652207118876
2018-05-18,71.23,-21.64157988352131,92.8715798835214
2018-05-21,72.26,1.8880300141691748,70.3719699858309
2018-05-22,72.09,19.805186287547176,52.284813712452774
2018-05-23,71.85,0.26532592182331616,71.5846740781767
2018-05-24,70.77,-7.195686973076384,77.96568697307646
2018-05-25,67.92,10.362575498405837,57.5574245015942
2018-05-29,66.8,11.694970326107196,55.10502967389283
2018-05-30,68.24,3.328483339667671,64.91151666033232
2018-05-31,66.98,-2.6061495204854923,69.58614952048549
2018-06-01,65.81,1.8351215102241256,63.974878489775904
2018-06-04,64.76,8.774911391554898,55.985088608445096
2018-06-05,65.51,-13.15810267505405,78.66810267505412
2018-06-06,64.75,-13.767872836100763,78.51787283610076
2018-06-07,65.96,1.014859389435753,64.9451406105642
2018-06-08,65.77,-4.800644815124478,70.57064481512452
2018-06-11,66.1,-7.255395091313826,73.35539509131377
2018-06-12,66.38,-5.656405155286944,72.03640515528673
2018-06-13,66.63,-1.026905897651752,67.65690589765178
2018-06-14,66.91,-6.627402046291415,73.53740204629139
2018-06-15,65.01,-5.447688097076977,70.45768809707715
2018-06-18,65.91,4.756327497232782,61.15367250276722
2018-06-19,65.09,-11.458275859173508,76.54827585917519
2018-06-20,65.92,2.825506299241061,63.0944937007589
2018-06-21,65.68,-11.562053812728792,77.2420538127335
2018-06-22,69.02,70.84484719643439,-1.8248471964761848
2018-06-25,69.91,95.64963513185754,-25.73963513186027
2018-06-26,75.23,-82.18544265386186,157.41544265384437
2018-06-27,77.41,520.7215532199206,-443.3115532199736
2018-06-28,73.45,3208.0361428163123,-3134.5861428162316
2018-06-29,74.13,2585.4893744900137,-2511.359374489868
2018-07-02,73.89,-223.54768139544504,297.4376813955605
2018-07-03,74.19,19960.47502437382,-19886.285024373792
2018-07-05,73.05,-9162.512542614459,9235.562542613596
2018-07-06,73.78,-51178.95815334213,51252.738153340295
2018-07-09,73.93,362533.81775840686,-362459.8877584059
2018-07-10,74.11,177540.26201722716,-177466.15201723203
2018-07-11,70.47,-2177.3415394585813,2247.8115394590423
2018-07-12,70.28,42155.5749586141,-42085.29495861381
2018-07-13,71.03,196403.5841744247,-196332.55417442555
2018-07-16,68.22,95242.35437392394,-95174.1343739247
2018-07-17,68.03,-95584.03497732854,95652.0649773283
2018-07-18,68.78,-17032.733756087073,17101.51375608705
2018-07-19,69.42,36372.054261436904,-36302.63426143699
2018-07-20,70.31,-51002.39247267177,51072.70247267175
2018-07-23,67.9,-70773.43452490828,70841.33452490834
2018-07-24,70.77,1523.7358238701622,-1452.9658238701522
2018-07-25,71.13,-8418.133835965771,8489.263835965772
2018-07-26,71.59,-748.5918425016653,820.1818425016754
2018-07-27,68.66,951.6204713159849,-882.9604713159788
2018-07-30,71.19,-1670.2720018319562,1741.4620018319692
2018-07-31,69.88,-1551.19212755148,1621.0721275514807
2018-08-01,68.8,1040.961875265831,-972.1618752658251
2018-08-02,68.95,632.3624179109377,-563.412417910964
2018-08-03,68.49,-959.5394450456191,1028.0294450455985
2018-08-06,69.01,-556.3594618147566,625.3694618147565
2018-08-07,69.17,-277.27796396867626,346.4479639686906
2018-08-08,66.92,366.11586702915827,-299.1958670291351
2018-08-09,66.81,-364.1686693076627,430.9786693076603
2018-08-10,67.61,-374.0238069872613,441.63380698731635
2018-08-13,67.25,57.428001015621604,9.8219989844074
2018-08-14,67.04,259.61962828113565,-192.57962828117888
2018-08-15,65.07,-275.033677135865,340.1036771356594
2018-08-16,65.44,-354.66681160695487,420.1068116070237
2018-08-17,65.93,-112.60964783024464,178.53964783030096
2018-08-20,66.5,367.69101420077243,-301.19101420091465
2018-08-21,67.32,-90.231705499455,157.55170550569892
2018-08-22,67.85,-2093.90821681595,2161.7582168206573
2018-08-23,69.13,-64.83803941740322,133.9680394170573
2018-08-24,69.71,4529.651504345173,-4459.941504344344
2018-08-27,69.97,-439.53298570678464,509.5029857158661
2018-08-28,68.54,-44137.429786611356,44205.96978661418
2018-08-29,69.68,-7726.4195365805745,7796.099536579102
2018-08-30,70.25,40926.71939207128,-40856.469392068684
2018-08-31,69.84,-819407.6099398425,819477.4499398395
2018-09-04,69.82,-2586597.0746998168,2586666.8946998157
2018-09-05,68.69,230767.59346921238,-230698.90346921235
2018-09-06,67.81,-9559663.350435533,9559731.160435524
2018-09-07,67.73,1431576.357878658,-1431508.6278786585
2018-09-10,67.55,-4781135.6686710855,4781203.218671087
2018-09-11,69.29,-325691.64974721987,325760.93974722177
2018-09-12,70.37,2597430.4825707017,-2597360.112570703
2018-09-13,68.6,-1673036.6543587984,1673105.2543587908
2018-09-14,68.98,231260.55041063987,-231191.57041063905
2018-09-17,68.86,-136321.52464652885,136390.38464652747
2018-09-18,69.87,45810.19208063201,-45740.322080649436
2018-09-19,71.08,-4813.01065551954,4884.090655520558
2018-09-20,70.77,-26118.738780503107,26189.508780509233
2018-09-21,70.8,-201.26286201156327,272.06286203861237
2018-09-24,73.23,5280.919987584946,-5207.68998759985
2018-09-25,73.4,-133.91012933051354,207.31012934446335
2018-09-26,72.22,-3894.9998680529243,3967.2198680639267
2018-09-27,72.18,-22.93601986104205,95.11602002382278
2018-09-28,73.16,244.74525628991694,-171.58525621891022
2018-10-01,75.37,-323.6301489335553,399.0001489520073
2018-10-02,75.16,-1162.9215121691088,1238.081512182951
2018-10-03,76.4,40.62193681533948,35.77806317806244
2018-10-04,74.44,-226.27598632616773,300.71598632633686
2018-10-05,74.26,28.28887864201429,45.97112135589123
2018-10-08,74.27,165.12324182929478,-90.85324182361364
2018-10-09,74.95,-20467.145173596327,20542.095173597336
2018-10-10,73.18,-22591.642706781833,22664.822706781328
2018-10-11,70.97,1.1514626856005243,69.8185373134911
2018-10-12,71.41,-2114.8806389962697,2186.290638996288
2018-10-15,71.84,-0.3370879665687718,72.1770879663527
2018-10-16,71.93,-12.002435151468443,83.93243515212089
2018-10-17,69.63,-1251.2028598333354,1320.8328598332591
2018-10-18,68.63,-639.5967016958336,708.2267016959377
2018-10-19,69.16,-27.334745528313846,96.49474552832544
2018-10-22,69.25,-4.181607330636178,73.4316073305672
2018-10-23,66.49,-0.4536123876045588,66.94361238763668
2018-10-24,66.56,4.484264138626723,62.07573586131912
2018-10-25,67.25,30.578459916559392,36.67154008342186
2018-10-26,67.58,-34.70144814081267,102.2814481407986
2018-10-29,67.0,6.71984124939145,60.280158750596456
2018-10-30,66.18,-1.9310602780485375,68.11106027802452
2018-10-31,65.31,-192.39328227851118,257.7032822785113
2018-11-01,63.67,-657.43417721332,721.1041772133217
2018-11-02,63.12,-476.464506276846,539.5845062768494
2018-11-05,63.12,-29.194920396109172,92.31492039610748
2018-11-06,62.16,-220.60941934372738,282.7694193437201
2018-11-07,61.69,-131.83641996858398,193.5264199685771
2018-11-08,60.71,-39.765533012510495,100.47553301250446
2018-11-09,60.19,-20.664891019453034,80.85489101942221
2018-11-12,59.85,-25.309268055044264,85.15926805511117
2018-11-13,55.63,-11.116968688297115,66.74696868829778
2018-11-14,56.16,-5.392837674426338,61.552837674404145
2018-11-15,56.45,-5.468708194076834,61.918708194061765
2018-11-16,56.49,-7.012508005583486,63.50250800557842
2018-11-19,57.16,-3.4690952879289725,60.62909528793534
2018-11-20,53.39,0.7278186801071238,52.66218131988717
2018-11-21,54.41,1.033968103298488,53.37603189672518
2018-11-26,51.46,0.25915552488976257,51.20084447511181
2018-11-27,51.31,-8.148343117665995,59.45834311764338
2018-11-28,50.06,-0.8301648730918197,50.89016487309709
2018-11-29,51.46,0.7229243983994653,50.73707560164621
2018-11-30,50.78,-2.0382001312755644,52.81820013129618
2018-12-03,52.98,-11.035966744374656,64.01596674445318
2018-12-04,53.21,-18.23796556033083,71.44796556036454
2018-12-05,52.64,-13.881649258299424,66.52164925821126
2018-12-06,51.54,9.640890458644686,41.8991095412639
2018-12-07,52.76,-10.527636727662754,63.28763672767673
2018-12-10,51.07,-104.16077999235013,155.23077999230009
2018-12-11,51.65,-20.3085915320996,71.95859153207857
2018-12-12,51.04,308.78868366726664,-257.74868366715964
2018-12-13,52.69,279.39694128633727,-226.70694128633477
2018-12-14,51.26,-699.6548036046573,750.9148036047118
2018-12-17,49.8,-1502.804157441016,1552.6041574410629
2018-12-18,46.12,-4.00228752392041,50.122287523932755
2018-12-19,47.96,1074.0595667024832,-1026.0995667024981
2018-12-20,45.64,-1081.8330673837968,1127.4730673838349
2018-12-21,45.38,-119.45647352054598,164.83647352046682
2018-12-26,46.04,10.257368663679687,35.7826313363621
2018-12-27,44.48,-1490.5307642922035,1535.0107642921503
2018-12-28,45.15,-1106.8611286521582,1152.0111286521278
2019-01-02,46.31,491.5523652443987,-445.24236524436856
2019-01-03,46.92,-1.6623778528278064,48.582377852813806
2019-01-04,47.76,-737.0782239831593,784.8382239831262
2019-01-07,48.27,-912.0909287372908,960.3609287372092
2019-01-08,49.58,-229.1611588236353,278.7411588235991
2019-01-09,52.19,2.6637210318128623,49.52627896802733
2019-01-10,52.42,-393.00295672928706,445.42295672930777
2019-01-11,51.44,-657.331407057955,708.7714070579968
2019-01-14,50.31,-75.8200057359187,126.13000573596219
2019-01-15,51.8,7.913222631195107,43.88677736883983
2019-01-16,52.08,-18.210270733550153,70.29027073358884
2019-01-17,51.83,4.50538799295466,47.32461200701073
2019-01-18,53.6,5.269993191344681,48.33000680868281
2019-01-22,52.59,-3.624136779219114,56.214136779191904
2019-01-23,52.44,6.4495858799310835,45.99041412008228
2019-01-24,52.94,17.327237850134065,35.61276214988902
2019-01-25,53.53,5.303474221731216,48.22652577830013
2019-01-28,51.79,-2.328528216150107,54.118528216087725
2019-01-29,53.07,73.4554010042807,-20.385401004285086
2019-01-30,54.18,111.34240931380896,-57.16240931377979
2019-01-31,53.84,-7.512277316434419,61.35227731643408
2019-02-01,55.29,120.8569792774593,-65.566979277457
2019-02-04,54.57,6376.374397351827,-6321.804397351827
2019-02-05,53.69,-4.473232250805353,58.163232250808505
2019-02-06,53.94,19972.301076215117,-19918.361076215115
2019-02-07,52.68,-26.93973307808012,79.61973307807966
2019-02-08,52.75,3140.045241858022,-3087.295241858022
2019-02-11,52.43,-208.08673020513004,260.51673020513044
2019-02-12,53.14,281.7452455383948,-228.60524553839446
2019-02-13,53.84,421.3440522347727,-367.50405223477287
2019-02-14,54.4,47.02812762412617,7.371872375873863
2019-02-15,55.58,0.9399536906484371,54.640046309351646
2019-02-19,56.12,153.77826223637925,-97.65826223637924
2019-02-20,56.9,129.0744414510595,-72.17444145105958
2019-02-21,56.95,-142.30418062809295,199.25418062809308
2019-02-22,57.01,150.43751442015053,-93.42751442015054
2019-02-25,55.32,107.42991348521328,-52.10991348521321
2019-02-26,55.4,-68.99562108539556,124.39562108539553
2019-02-27,56.92,-110.39585203014406,167.31585203014404
2019-02-28,57.21,32.29840383901114,24.911596160988893
2019-03-01,55.76,104.79275335092879,-49.03275335092877
2019-03-04,56.6,39.83091105163125,16.76908894836876
2019-03-05,56.55,-6.796677781926765,63.34667778192676
2019-03-06,56.22,1.1899626457786943,55.03003735422129
2019-03-07,56.6,8.239589677255251,48.36041032274443
2019-03-08,55.77,-3.720979878287617,59.49097987828782
2019-03-11,56.79,6.250830403218255,50.53916959678179
2019-03-12,56.89,4.847852877590143,52.04214712241037
2019-03-13,58.27,1.8466649963056618,56.42333500369432
2019-03-14,58.59,-8.40709266588414,66.99709266588434
2019-03-15,58.51,2.885548635754647,55.6244513642454
2019-03-18,59.09,9.06873453546359,50.021265464536555
2019-03-19,59.12,19.031140062917547,40.088859937082816
2019-03-20,60.12,7.33571288484661,52.784287115153575
2019-03-21,59.98,-2.705364286638777,62.685364286638794
2019-03-22,58.87,-4.448850496729433,63.3188504967294
2019-03-25,58.71,6.50299759388167,52.20700240611836
2019-03-26,59.87,8.959549896662756,50.9104501033371
2019-03-27,59.39,2.8426222755932313,56.54737772440694
2019-03-28,59.29,-14.21123925990228,73.50123925990228
2019-03-29,60.19,-17.596869859503915,77.7868698595039
2019-04-01,61.59,-1.8237836283186004,63.41378362831938
2019-04-02,62.53,6.901602738704833,55.62839726129528
2019-04-03,62.46,-5.176138429755611,67.63613842975553
2019-04-04,62.12,-0.9232426998368032,63.04324269983681
2019-04-05,63.1,5.729254670801973,57.37074532919905
2019-04-08,64.37,-39.439349816818314,103.80934981681867
2019-04-09,64.05,-12.124068638275874,76.17406863827546
2019-04-10,64.62,64.36677278024874,0.2532272197513521
2019-04-11,63.61,35.83942449614434,27.770575503855298
2019-04-12,63.86,-15.541312712328551,79.40131271232804
2019-04-15,63.43,-19.24335928154734,82.67335928154694
2019-04-16,64.01,-21.64176079174412,85.65176079174421
2019-04-17,63.74,-21.915670851662785,85.65567085166299
2019-04-18,64.02,3.436490272270122,60.583509727729506
2019-04-22,65.66,23.45503571037817,42.204964289621785
2019-04-23,66.24,14.628641126845867,51.61135887315413
2019-04-24,65.96,-28.41127875366815,94.3712787536681
2019-04-25,65.23,-117.51801155152836,182.74801155152852
2019-04-26,63.29,-301.1951897223562,364.4851897223558
2019-04-29,63.39,-683.6777908670797,747.06779086708
2019-04-30,63.83,-1400.8667078511492,1464.6967078511493
2019-05-01,63.55,-2432.804347257807,2496.3543472578067
2019-05-02,61.75,-3240.345356182711,3302.095356182711
2019-05-03,61.98,-2812.4775790975577,2874.4575790975573
2019-05-06,62.3,-1063.0334568812705,1125.3334568812706
2019-05-07,61.41,-9.715832600839947,71.12583260084102
2019-05-08,62.13,7.91196809386268,54.21803190613707
2019-05-09,61.58,8.363008078341059,53.21699192165943
2019-05-10,61.65,-490.74763191056576,552.3976319105675
2019-05-13,60.97,-97.82479978551336,158.79479978551262
2019-05-14,61.82,4.856836774027112,56.96316322597306
2019-05-15,62.03,-45.13445064536792,107.16445064536765
2019-05-16,62.93,5.947287830656258,56.98271216934381
2019-05-17,62.77,-4.951009383597267,67.72100938359745
2019-05-20,63.12,-35.81730055821828,98.93730055821834
2019-05-21,63.02,9.714681460393814,53.30531853960565
2019-05-22,61.42,12.41236442420117,49.00763557579921
2019-05-23,57.65,-9.649185441150493,67.29918544116663
2019-05-24,58.4,-15.160414931388512,73.56041493138764
2019-05-28,58.91,223.5422055378582,-164.63220553785504
2019-05-29,58.84,647.2227367891461,-588.3827367891481
2019-05-30,56.47,230.45452151290274,-173.98452151287347
2019-05-31,53.49,103.50093216268166,-50.010932162753306
2019-06-03,53.25,-11.429672788628924,64.67967278863944
2019-06-04,53.5,6.0491282499521235,47.45087175004301
2019-06-05,51.57,3681.5739469668856,-3630.00394696687
2019-06-06,52.59,52919.12605402256,-52866.53605402255
2019-06-07,53.95,167807.6090355598,-167753.6590355598
2019-06-10,53.33,84295.55960793736,-84242.22960793738
2019-06-11,53.3,552.2462443488405,-498.9462443488301
2019-06-12,51.13,-5.957926269175135,57.08792626917784
2019-06-13,52.38,17804.662234409745,-17752.28223440975
2019-06-14,52.47,1680.0660517999863,-1627.5960517999847
2019-06-17,51.94,-24.347220946716806,76.28722094671684
2019-06-18,53.86,1565.9428113029069,-1512.0828113029056
2019-06-19,53.74,5257.124756183316,-5203.384756183323
2019-06-20,56.88,-54.850037594607294,111.73003759460335
2019-06-21,57.35,2038.831367220906,-1981.4813672208948
2019-06-24,57.73,14003.91394348025,-13946.183943480251
2019-06-25,57.63,4296.750793117154,-4239.120793117148
2019-06-26,59.17,-877.8448017522875,937.0148017522879
2019-06-27,59.18,-364.49316697892357,423.6731669789224
2019-06-28,58.2,961.0574784830105,-902.8574784830089
2019-07-01,58.91,-202.10321396089174,261.0132139608868
2019-07-02,56.0,-2768.8602529722584,2824.8602529722593
2019-07-03,57.06,346.1257147499765,-289.0657147499769
2019-07-08,57.35,-1674.5555157776228,1731.9055157776165
2019-07-09,57.57,26.314908952961567,31.25509104703815
2019-07-10,60.28,1176.0053260361062,-1115.7253260361067
2019-07-11,59.93,175.7766651747824,-115.846665174784
2019-07-12,59.99,583.666855566126,-523.6768555661256
2019-07-15,59.3,-129.36417064994055,188.66417064993766
2019-07-16,57.44,-104.65552259389136,162.09552259388875
2019-07-17,56.5,182.0278619015578,-125.52786190155894
2019-07-18,55.08,349.48117559942284,-294.40117559942155
2019-07-19,55.42,266.03783612280637,-210.61783612281033
2019-07-22,55.87,50.87696039374775,4.993039606251841
2019-07-23,56.58,-82.57852885319936,139.15852885320237
2019-07-24,55.9,-60.36616626479227,116.26616626479245
2019-07-25,55.88,84.23626729899541,-28.35626729899377
2019-07-26,56.04,139.70008514854123,-83.66008514854184
2019-07-29,56.85,35.66517465242197,21.184825347578226
2019-07-30,58.04,-61.4409356834041,119.48093568340482
2019-07-31,58.53,-16.20964693221567,74.73964693221569
2019-08-01,53.64,110.20261073394764,-56.56261073394762
2019-08-02,55.67,98.23072866880993,-42.56072866880277
2019-08-05,54.63,16.238153884333336,38.39184611566634
2019-08-06,53.6,1.4551327816915984,52.14486721830872
2019-08-07,51.14,19.165986684942283,31.974013315058983
2019-08-08,52.6,6.571559508959361,46.028440491038054
2019-08-09,54.41,-2.5720725155278945,56.98207251552776
2019-08-12,54.98,4.54156941743201,50.438430582568
2019-08-13,57.05,6.189809178141531,50.86019082185885
2019-08-14,55.16,0.35045652074081235,54.80954347925916
2019-08-15,54.51,4.136000288088932,50.37399971191189
2019-08-16,54.83,2.8491154998509667,51.980884500197135
2019-08-19,56.24,-0.9370917046600442,57.17709170465241
2019-08-20,56.18,0.15371057033884583,56.02628942966112
2019-08-21,55.65,0.541430567887806,55.108569432114564
2019-08-22,55.33,-0.4601807971079058,55.790180797107496
2019-08-23,54.08,0.0806478444706335,53.99935215554433
2019-08-26,53.54,2.7499966113183576,50.790003388683544
2019-08-27,54.99,-0.5414912299605106,55.53149122996183
2019-08-28,55.76,-4.397554349473909,60.15755434947641
2019-08-29,56.67,23.015237361618176,33.654762638383545
2019-08-30,55.07,52.01802725475894,3.0519727452556253
2019-09-03,53.91,-6.173435186512794,60.08343518641777
2019-09-04,56.22,83.83221365918268,-27.612213659100235
2019-09-05,56.33,135.80190281698088,-79.47190281699295
2019-09-06,56.45,-82.98849459356296,139.43849459360354
2019-09-09,57.88,-14.863303753089426,72.74330375250429
2019-09-10,57.37,89.36827756904933,-31.998277568956837
2019-09-11,55.66,39.35894292284971,16.30105707712937
2019-09-12,55.13,-49.97161150796571,105.10161150805652
2019-09-13,54.76,4.629907203259972,50.13009279593825
2019-09-16,63.1,80.39396410829532,-17.293964106589556
2019-09-17,59.26,6.170778505451274,53.089221496134996
2019-09-18,58.19,-40.03076750518552,98.22076750360429
2019-09-19,58.19,2.8365264460702377,55.353473553434014
2019-09-20,57.92,12.21233682239353,45.707663177512586
2019-09-23,58.69,-2.3430733688353373,61.03307336884609
2019-09-24,57.22,-4.733820185714232,61.95382018570672
2019-09-25,56.38,1.390579310339473,54.98942068970064
2019-09-26,56.24,9.08074221752273,47.15925778247765
2019-09-27,55.95,3.9705711426932737,51.97942885730845
2019-09-30,54.09,-9.292610354332691,63.38261035433243
2019-10-01,53.6,5.2647680055673645,48.33523199443289
2019-10-02,52.67,-11.4717303000688,64.14173030006896
2019-10-03,52.41,63.88108904502049,-11.471089045020335
2019-10-04,52.84,33.86586341568106,18.974136584318785
2019-10-07,52.76,-17.800245158750883,70.56024515875089
2019-10-08,52.64,36.91392265412714,15.726077345872909
2019-10-09,52.63,16.9343345456666,35.69566545433338
2019-10-10,53.57,-37.64458939039765,91.21458939039769
2019-10-11,54.76,-3.362787391950895,58.12278739195091
2019-10-14,53.57,-36.050885797563765,89.6208857975638
2019-10-15,52.81,67.34781193533183,-14.537811935331774
2019-10-16,53.42,10.628196840871025,42.79180315912902
2019-10-17,53.89,-8.409523929418592,62.29952392941857
2019-10-18,53.75,14.106673974542318,39.64332602545767
2019-10-21,53.28,15.821721077410217,37.458278922589784
2019-10-22,54.21,1.138601073282357,53.07139892671768
2019-10-23,55.9,-14.112442512125106,70.01244251212512
2019-10-24,56.11,11.549442686133998,44.5605573138659
2019-10-25,56.52,-8.017589575684305,64.53758957568442
2019-10-28,55.6,3.6691965217823466,51.93080347821768
2019-10-29,55.34,-160.42770663053145,215.7677066305315
2019-10-30,54.85,-58.79140393188838,113.64140393188842
2019-10-31,54.02,90.14337880557956,-36.12337880557982
2019-11-01,56.04,19.50234101991812,36.5376589800818
2019-11-04,56.33,-74.53170086198176,130.86170086198132
2019-11-05,57.04,-727.4576312690366,784.4976312690362
2019-11-06,56.15,18.492318802699856,37.65768119730046
2019-11-07,56.91,-622.2313440067611,679.1413440067606
2019-11-08,57.02,-1431.6705414957687,1488.6905414957691
2019-11-12,56.67,6.044409429465487,50.625590570534996
2019-11-13,56.88,6.21215621698654,50.66784378301236
2019-11-14,56.57,-130.27267726137063,186.84267726138205
2019-11-15,57.54,2.082924652296053,55.45707534770395
2019-11-18,56.82,-9.264001193433176,66.08400119343423
2019-11-19,54.93,1.3510882836886746,53.578911716311325
2019-11-20,56.71,-5.543044968770941,62.253044968770894
2019-11-21,58.36,2.7820723495531587,55.57792765044687
2019-11-22,57.68,0.8858668571393523,56.79413314286067
2019-11-25,57.79,-4.356655606688448,62.14665560668844
2019-11-26,58.25,-5.224986209962621,63.47498620996258
2019-11-27,58.12,2.6844991735493338,55.435500826450664
2019-11-29,58.12,7.285915081374976,50.83408491862508
2019-12-02,55.97,-5.946340735267938,61.91634073526795
2019-12-03,56.15,22.182242600199757,33.96775739980023
2019-12-04,58.46,28.126297125445248,30.333702874554746
2019-12-05,58.42,-9.709265322761803,68.12926532276181
2019-12-06,59.2,313.16812455008096,-253.96812455008092
2019-12-09,58.99,122.62066942701814,-63.63066942701815
2019-12-10,59.22,-4.843764630287608,64.06376463028761
2019-12-11,58.74,32.11432103054069,26.62567896945933
2019-12-12,59.18,247.85214262111757,-188.6721426211175
2019-12-13,60.11,149.44743222208496,-89.33743222208494
2019-12-16,60.21,8.362770683120148,51.847229316879876
2019-12-17,60.88,-36.354845753603186,97.23484575360317
2019-12-18,60.93,26.9569044076042,33.973095592395794
2019-12-19,61.3,-0.5180266007823313,61.81802660078256
2019-12-20,60.43,-1.554002120832214,61.984002120831974
2019-12-23,60.51,0.8939918010125658,59.61600819898746
2019-12-24,61.17,0.2692707396396974,60.900729260360094
2019-12-26,61.72,1.6009028039964184,60.11909719600362
2019-12-27,61.76,-7.772324398828662,69.53232439882868
2019-12-30,61.66,0.7812318772033715,60.87876812279683
2019-12-31,61.14,-0.7068094754581276,61.846809475457576
2020-01-02,61.17,-0.29814366536918985,61.4681436653691
2020-01-03,63.0,-2.357291825176416,65.35729182517628
2020-01-06,63.27,-0.8713859732145078,64.14138597321448
2020-01-07,62.7,5.908832887473806,56.79116711252618
2020-01-08,59.65,21.111866902045286,38.53813309795464
2020-01-09,59.56,57.07349804652085,2.486501953479177
2020-01-10,59.02,115.42443822002348,-56.404438220023394
2020-01-13,58.17,139.29109515904992,-81.12109515904993
2020-01-14,58.34,61.27438400874508,-2.93438400874507
2020-01-15,57.86,-2.739283922101598,60.59928392210159
2020-01-16,58.52,-6.254415751691041,64.7744157516911
2020-01-17,58.55,-8.55087345711399,67.10087345711395
2020-01-21,58.25,63.79496211808636,-5.544962118086346
2020-01-22,56.76,326.60402324809456,-269.8440232480945
2020-01-23,55.51,101.83194108691625,-46.3219410869163
2020-01-24,54.09,-12.826999058335797,66.91699905833548
2020-01-27,53.09,65.84889804429852,-12.758898044298348
2020-01-28,53.33,250.04245449350103,-196.7124544935
2020-01-29,53.29,81.92478508028967,-28.634785080292204
2020-01-30,52.19,-20.957397514303988,73.1473975143017
2020-01-31,51.58,278.72413690604327,-227.14413690604852
2020-02-03,50.06,-92.14786850242164,142.20786850243167
2020-02-04,49.59,652.1471467639905,-602.5571467639857
2020-02-05,50.87,-1022.6169664106444,1073.4869664106482
2020-02-06,50.94,-622.6231484495637,673.5631484495607
2020-02-07,50.34,330.1219714095657,-279.78197140956763
2020-02-10,49.59,-1608.3674903189349,1657.957490318935
2020-02-11,50.0,438.2676789239608,-388.2676789239631
2020-02-12,51.13,-1615.661640525379,1666.7916405253818
2020-02-13,51.41,59.811073151012465,-8.401073151013406
2020-02-14,52.03,-1800.285330720892,1852.3153307208995
2020-02-18,52.1,-309.00552699381035,361.10552699381515
2020-02-19,53.31,476.03367576286024,-422.72367576285615
2020-02-20,53.77,-134.89655223742108,188.66655223746784
2020-02-21,53.36,9.495093185981567,43.864906814007554
2020-02-24,51.36,310.88509618377236,-259.5250961831771
2020-02-25,49.78,215.9247969389314,-166.14479693840258
2020-02-26,48.67,15.849903172561955,32.82009682804346
2020-02-27,47.17,-25.898535743953335,73.06853573769331
2020-02-28,44.83,53.43462100694721,-8.604621015489101
2020-03-02,46.78,67.18088962389693,-20.400889616459608
2020-03-03,47.27,21.78575522966235,25.484244771301746
2020-03-04,46.78,-10.270441887665381,57.05044188350439
2020-03-05,45.9,0.8100340699304512,45.08996592462063
2020-03-06,41.14,15.96540363076971,25.17459636926651
2020-03-09,31.05,-51.68026362453863,82.730263620615
2020-03-10,34.47,71.86533697711057,-37.395336985588074
2020-03-11,33.13,42.5463360539145,-9.416336052119732
2020-03-12,31.56,-28.3418103067038,59.90181030705571
2020-03-13,31.72,33.48027062269282,-1.7602706253528595
2020-03-16,28.96,62.449656225652426,-33.48965623229742
2020-03-17,26.96,-33.2924849583594,60.25248495815322
2020-03-18,20.48,-162.07075702181803,182.5507570244372
2020-03-19,25.09,-88.9729032670725,114.06290326733142
2020-03-20,19.48,-770.3505166641874,789.8305166643113
2020-03-23,23.33,76.41476332157332,-53.08476331457496
2020-03-24,21.03,-7752.877227449596,7773.907227449119
2020-03-25,20.75,383.84102473829637,-363.09102472662926
2020-03-26,16.6,-111607.19532323115,111623.79532323778
2020-03-27,15.48,-1365634.0962733545,1365649.5762733668
2020-03-30,14.1,-136084.31308607783,136098.4130860865
2020-03-31,20.51,-18072.352089575787,18092.862089589238
2020-04-01,20.28,-2519.0478193195313,2539.32781932503
2020-04-02,25.18,-3751934.6073625647,3751959.7873625606
2020-04-03,28.36,-4197580.104516901,4197608.464516893
2020-04-06,26.21,-158414.71529962934,158440.92529964447
2020-04-07,23.54,2617.6351254661454,-2594.095125436783
2020-04-08,24.97,-17765.555181498185,17790.525181531906
2020-04-09,22.9,-1186363.8036457177,1186386.7036457136
2020-04-13,22.36,-235452.26309718008,235474.62309718132
2020-04-14,20.15,1046.1677189285476,-1026.0177189279348
2020-04-15,19.96,3293.9889755053428,-3274.0289754867554
2020-04-16,19.82,-40996.727255452104,41016.54725551605
2020-04-17,18.31,-29374.73060286586,29393.04060292244
2020-04-20,-36.98,140.5816747274905,-177.56167472712696
2020-04-21,8.91,-401.7550500332068,410.66505002975464
2020-04-22,13.64,696.5738926186323,-682.9338932037354
2020-04-23,15.06,-3578.2926231114334,3593.3526231124997
2020-04-24,15.99,2813.727010409904,-2797.7370103895664
2020-04-27,12.17,3502.263303424033,-3490.0933033823967
2020-04-28,12.4,1376.9660817975318,-1364.5660818219185
2020-04-29,15.04,78.04118590936359,-63.0011859126389
2020-04-30,19.23,-336.21034009863234,355.4403401017189
2020-05-01,19.72,116.34913028119084,-96.62913028150797
2020-05-04,20.47,460.3097674518847,-439.8397674560547
2020-05-05,24.56,217.33041284308496,-192.77041284297593
2020-05-06,23.88,-120.33694184448035,144.21694184374064
2020-05-07,23.68,-22.841231394209267,46.52123139421019
2020-05-08,24.73,245.5114519703577,-220.781451970106
2020-05-11,24.02,285.57535712862284,-261.55535712861456
2020-05-12,25.76,280.89296086999053,-255.13296087000344
2020-05-13,25.37,204.68623174098516,-179.31623174098786
2020-05-14,27.4,23.043967399265583,4.356032600713661
2020-05-15,29.44,-209.31369879413398,238.75369879412756
2020-05-18,31.83,-212.19028456156443,244.02028456156586
2020-05-19,32.3,107.03372888980765,-74.73372888980794
2020-05-20,33.56,271.3461024589003,-237.78610245890377
2020-05-21,34.3,-80.14986864722925,114.44986864722887
2020-05-22,33.49,-265.348228614802,298.8382286148021
2020-05-26,34.7,168.57220330666345,-133.8722033066624
2020-05-27,32.8,-24.391552476959333,57.19155247695937
2020-05-28,33.67,38.47503850185231,-4.805038501854142
2020-05-29,35.57,-48.1311173120619,83.7011173120618
2020-06-01,35.49,129.1298732918321,-93.63987329183146
2020-06-02,36.88,66.15618634773999,-29.276186347735347
2020-06-03,37.33,199.53342264609012,-162.20342264609644
2020-06-04,37.42,131.29658477408543,-93.87658477399964
2020-06-05,39.49,32.963240124922706,6.526759875065181
2020-06-08,38.17,-4.698015204798331,42.86801520490553
2020-06-09,38.98,84.379787071495,-45.39978707162663
2020-06-10,39.54,515.714816753834,-476.1748167538317
2020-06-11,36.43,796.3730156725724,-759.9430156724993
2020-06-12,36.24,411.12425472677126,-374.8842547268141
2020-06-15,37.07,-551.7982280189292,588.8682280189823
2020-06-16,38.26,-57.64924249556242,95.90924249589443
2020-06-17,37.91,547.0177214878242,-509.1077214879915
2020-06-18,38.79,373.83403579668214,-335.04403579665814
2020-06-19,39.72,-277.7071464014431,317.42714640148915
2020-06-22,40.6,-247.18505679024383,287.78505679033697
2020-06-23,40.4,283.7490750238071,-243.34907502378337
2020-06-24,37.91,208.39635385998935,-170.48635385994567
2020-06-25,38.66,-8.466882768822508,47.12688276881818
2020-06-26,38.53,-146.56817466386968,185.09817466384266
2020-06-29,39.67,130.7812014878512,-91.11120148783084
2020-06-30,39.27,87.07664914717965,-47.80664914706722
2020-07-01,39.88,1.619030196359414,38.26096980343573
2020-07-02,40.57,-22.072246251263575,62.642246251460165
2020-07-06,40.51,-5.3391858081350705,45.84918580809608
2020-07-07,40.59,7.127651464695786,33.46234853519127
2020-07-08,40.91,2.852170049765905,38.057829950004816
2020-07-09,39.64,-0.9717040580761339,40.611704058013856
2020-07-10,40.56,-0.3059386241906073,40.86593862436712
2020-07-13,40.06,0.7003847599044155,39.35961524024606
2020-07-14,40.3,-0.1325993627753225,40.43259936198592
2020-07-15,41.2,-0.4409452884644698,41.64094528835267
2020-07-16,40.74,0.3064836330673899,40.43351636780426
2020-07-17,40.55,0.8795396322328739,39.67046036804095
2020-07-20,40.83,1.0109419062316607,39.81905809324235
2020-07-21,41.76,0.1023868311471304,41.65761316893622
2020-07-22,41.88,-0.5415146224132972,42.421514622168615
2020-07-23,40.99,-0.0466711457645273,41.0366711455863
2020-07-24,41.23,0.7256019571989653,40.50439804268535
2020-07-27,41.46,1.1932031887890548,40.266796811367385
2020-07-28,40.89,1.3826913399453833,39.50730866006052
2020-07-29,41.13,0.7526542614567625,40.377345738546865
2020-07-30,39.85,-0.009484892096270015,39.85948489209113
2020-07-31,40.1,-0.5398640999544615,40.63986409995414
2020-08-03,40.83,-0.9089634796727679,41.73896347967275
2020-08-04,41.67,-0.6292631123979733,42.299263112397966
2020-08-05,42.25,0.5258844899141101,41.72411551008554
2020-08-06,41.93,2.4236327162483313,39.506367283751615
2020-08-07,41.16,3.6092363730655603,37.55076362693444
2020-08-10,41.94,2.007238224955588,39.932761775044355
2020-08-11,41.53,0.22096788794989441,41.30903211205009
2020-08-12,42.6,0.0828316179338823,42.51716838206619
2020-08-13,42.26,0.3329345960279506,41.92706540397206
2020-08-14,42.05,0.7273695354045013,41.32263046459549
2020-08-17,42.89,-1.8293849247670726,44.7193849247671
2020-08-18,42.89,1.0936568639523032,41.79634313604772
2020-08-19,42.91,-3.7881823135529995,46.69818231355302
2020-08-20,42.62,-0.018200199915101897,42.6382001999151
2020-08-21,42.32,-3.973928796278516,46.29392879627903
2020-08-24,42.44,0.9864512207116767,41.45354877928821
2020-08-25,43.17,-13.884712186052846,57.05471218605284
2020-08-26,43.21,-17.250886778666022,60.46088677866602
2020-08-27,42.88,0.6019020430897599,42.2780979569103
2020-08-28,42.96,9.196879769352503,33.76312023063656
2020-08-31,42.61,9.557182435973761,33.05281756403565
2020-09-01,42.76,-0.5569916077658316,43.31699160776043
2020-09-02,42.76,5.682132681460657,37.07786731853935
2020-09-03,41.39,13.446708398817368,27.943291601182626
2020-09-04,39.69,1.0030506550672955,38.686949344932145
2020-09-08,36.87,-4.083655851865162,40.95365585185937
2020-09-09,38.05,-1.1520109757819577,39.20201097578206
2020-09-10,37.25,1.707090086364869,35.54290991363513
2020-09-11,37.33,-3.3675856120771077,40.69758561207709
2020-09-14,37.23,0.9529226466488598,36.27707735335116
2020-09-15,38.29,0.7204528912981688,37.56954710870184
2020-09-16,40.17,6.214949728480613,33.955050271519376
2020-09-17,40.99,24.565699542344078,16.424300457656045
2020-09-18,41.09,27.088500042278785,14.001499957721535
2020-09-21,39.26,11.106640883266792,28.153359116733554
2020-09-22,39.55,-1.1116175081821984,40.661617508183554
2020-09-23,39.92,18.453317352252736,21.466682647747803
2020-09-24,40.11,2.8560605126299046,37.2539394873711
2020-09-25,40.06,-9.678284399273297,49.73828439927456
2020-09-28,40.47,44.20752539848914,-3.7375253984882875
2020-09-29,39.03,-65.11649876791732,104.14649876791736
2020-09-30,40.05,683.7200251259388,-643.670025125939
2020-10-01,38.51,1513.4366112261548,-1474.9266112261557
2020-10-02,36.9,-952.8708025689872,989.7708025689863
2020-10-05,39.12,14829.139937843382,-14790.019937843379
2020-10-06,40.52,39002.19173906776,-38961.67173906775
2020-10-07,39.82,-5254.208454881759,5294.028454881758
2020-10-08,41.04,37349.5847727261,-37308.54477272609
2020-10-09,40.44,165683.64171361382,-165643.20171361385
2020-10-12,39.22,5255.276129510593,-5216.056129510605
2020-10-13,40.03,-1192.7172419765518,1232.7472419765545
2020-10-14,40.86,161557.03593735993,-161516.17593735995
2020-10-15,40.84,-126.2816410474575,167.1216410474517
2020-10-16,40.7,26789.275893126207,-26748.5758931262
2020-10-19,40.69,45591.47930811788,-45550.78930811788
2020-10-20,41.37,-8.251672268813246,49.62167226880774
2020-10-21,39.88,1813.5194770934413,-1773.639477093442
2020-10-22,40.46,28.218116288443337,12.24188371154014
2020-10-23,39.73,-15.112169203644546,54.8421692036427
2020-10-26,38.39,113.89507910781954,-75.50507910782471
2020-10-27,39.34,344.7662448517722,-305.42624485175475
2020-10-28,37.27,286.83257248389003,-249.56257248390466
2020-10-29,35.94,40.49073355083735,-4.550733550917357
2020-10-30,35.64,-47.22644189466106,82.8664418947883
2020-11-02,36.6,-31.937094451956156,68.53709445195273
2020-11-03,37.44,30.599019580916874,6.84098041895777
2020-11-04,38.97,184.0155164259133,-145.04551642620936
2020-11-05,38.56,169.75389186796687,-131.19389186799526
2020-11-06,36.97,-63.660541310288835,100.63054131017998
2020-11-09,40.05,39.82340314528624,0.2265968550927937
2020-11-10,41.18,738.8648543846975,-697.6848543845117
2020-11-11,41.23,772.8350354062011,-731.6050354074687
2020-11-12,40.9,-898.1149356601393,939.0149356611073
2020-11-13,39.93,-124.59174362446599,164.52174362540245
2020-11-16,41.14,3112.2345497562274,-3071.0945497546345
2020-11-17,41.24,-10369.723739308898,10410.963739313185
2020-11-18,41.64,-7139.182957813554,7180.82295781374
2020-11-19,41.57,9787.805466050535,-9746.235466063023
2020-11-20,41.99,-2798.562129816026,2840.552129805088
2020-11-23,42.91,-245396.84853999194,245439.7585399747
2020-11-24,44.71,34972.28802850964,-34927.578028559685
2020-11-25,45.58,-3088876.4886222845,3088922.0686206818
2020-11-30,45.2,-6140271.599338705,6140316.799339294
2020-12-01,44.54,564013.2305945394,-563968.6905937195
2020-12-02,45.23,-3151363.7581566074,3151408.9881515503
2020-12-03,45.65,-7168223.9614211535,7168269.611419678
2020-12-04,46.23,-3826368.6364946426,3826414.8664779663
2020-12-07,45.72,-161808.02046612764,161853.74046707153
2020-12-08,45.64,17146.27974226341,-17100.63974380493
2020-12-09,45.48,37952.546004941396,-37907.06600189209
2020-12-10,46.76,-79371.49652428343,79418.25652694702
2020-12-11,46.59,-110991.38811030147,111037.97810935974
2020-12-14,47.02,-12489.129836191265,12536.149836540222
2020-12-15,47.58,1108.9372892312892,-1061.3572892546654
2020-12-16,47.86,-440.6139277997962,488.473927795887
2020-12-17,48.34,110.86668361392763,-62.52668368816376
2020-12-18,49.04,-211.5146621085757,260.5546621084213
2020-12-21,47.79,-171.64879745896863,219.43879735469818
2020-12-22,47.02,11.33942268223418,35.6805773973465
2020-12-23,47.94,13.662562343095757,34.277437657117844
2020-12-24,48.18,-27.288392470758,75.46839247643948
2020-12-28,47.5,-18.94157954989558,66.44157955050468
2020-12-29,47.85,0.01884411221447921,47.83115588873625
2020-12-30,48.24,5.4501947209030455,42.78980527888052
2020-12-31,48.35,4.555545478315038,43.794454521499574
2021-01-04,47.47,1.6176727487294729,45.852327251282986
2021-01-05,49.78,2.6531396295468306,47.126860370859504
2021-01-06,50.45,6.691986631369763,43.75801336864242
2021-01-07,50.63,4.78348900442385,45.846510995645076
2021-01-08,52.14,-1.5390559180134882,53.67905591800809
2021-01-11,52.15,0.610658343138732,51.539341656840406
2021-01-12,53.08,0.8283912455040021,52.251608754493645
2021-01-13,52.81,1.1153341868165076,51.69466581317829
2021-01-14,53.47,1.7044649846383344,51.76553501536546
2021-01-15,52.25,1.0203878635281338,51.22961213647159
2021-01-19,52.87,0.5859115474946457,52.284088452521246
2021-01-20,53.16,-0.4254438087319214,53.585443808697164
2021-01-21,53.0,0.1732890517690307,52.82671094825491
2021-01-22,52.28,1.6275633560995508,50.65243664389709
2021-01-25,52.78,-0.3100026356552125,53.0900026356685
2021-01-26,52.61,-1.982636615502043,54.59263661550358
2021-01-27,52.81,0.08388362551244141,52.72611637448426
2021-01-28,52.26,10.56727283825928,41.6927271616878
2021-01-29,52.16,2.4805010851816363,49.67949891486205
2021-02-01,53.55,-26.97189108682608,80.52189108682796
2021-02-02,54.77,-1.869261373057008,56.6392613730859
2021-02-03,55.67,169.00205035941116,-113.33205035934225
2021-02-04,56.19,196.70236874885356,-140.51236874889582
2021-02-05,56.8,-189.04960775410763,245.8496077535674
2021-02-08,57.95,-510.5672629552225,568.5172629551962
2021-02-09,58.34,56.86594948047751,1.4740505190566182
2021-02-10,58.69,9358.262637357408,-9299.572637357749
2021-02-11,58.22,9939.509140963804,-9881.289140962996
2021-02-12,59.5,-2967.509979124149,3027.0099791232497
2021-02-16,60.07,8030.203350101268,-7970.133350102231
2021-02-17,61.09,359318.2699314485,-359257.1799314488
2021-02-18,60.4,748050.1144783742,-747989.7144783735
2021-02-19,59.12,-297904.1228939922,297963.242893992
2021-02-22,61.67,-491042.4297616944,491104.09976169467
2021-02-23,61.66,13941227.65444066,-13941165.994440658
2021-02-24,63.21,30551646.682600055,-30551583.472600058
2021-02-25,63.43,-235425.52282001183,235488.95282001048
2021-02-26,61.55,30622385.209214017,-30622323.65921402
2021-03-01,60.54,22230019.394377723,-22229958.854377724
2021-03-02,59.7,-441899.8346674868,441959.53466748446
2021-03-03,61.33,179265.07844889155,-179203.7484488897
2021-03-04,63.81,11611875.33195771,-11611811.52195771
2021-03-05,66.08,207942.83716665366,-207876.75716665387
2021-03-08,65.03,-8391.906303823911,8456.936303822324
2021-03-09,64.02,71730.99101567542,-71666.97101567313
2021-03-10,64.45,2655496.519292629,-2655432.069292629
2021-03-11,66.02,104062.64630409116,-103996.62630409095
2021-03-12,65.59,-703.1543061760952,768.7443061759695
2021-03-15,65.36,54624.803661247235,-54559.443661246914
2021-03-16,64.82,381412.77716969146,-381347.95716969203
2021-03-17,64.55,30969.929116234303,-30905.37911623437
2021-03-18,59.95,-131.71902813026486,191.66902813012712
2021-03-19,61.43,2257.607464766411,-2196.177464766428
2021-03-22,61.48,541.1616306137417,-479.68163061421365
2021-03-23,57.75,-70.54421777482213,128.29421777487732
2021-03-24,61.12,136.64159065380017,-75.52159065380692
2021-03-25,58.47,-101.39498651946602,159.86498651932925
2021-03-26,60.93,116.52850222495414,-55.59850222492241
2021-03-29,61.49,-12.331144718155036,73.82114471821114
2021-03-30,60.55,26.13768184093974,34.41231815905667
2021-03-31,59.19,-1.512368253691741,60.70236825366737
2021-04-01,61.41,3.2291128547546077,58.180887145243105
2021-04-05,58.73,0.32984836706532594,58.40015163293174
2021-04-06,59.34,0.08886826897396621,59.25113173102591
2021-04-07,59.77,0.02615847291527773,59.74384152708467
2021-04-08,59.61,0.1788755766956524,59.43112442330448
2021-04-09,59.29,0.7254824889744429,58.56451751102554
2021-04-12,59.7,-0.3256093544842107,60.0256093544842
2021-04-13,60.2,9.813055476528136,50.38694452347181
2021-04-14,63.15,2.9617546739847245,60.18824532601502
2021-04-15,63.42,-9.954795902816512,73.37479590281635
2021-04-16,63.16,9.998270718116334,53.16172928188365
2021-04-19,63.33,22.246315257466733,41.08368474253257
2021-04-20,62.61,21.315955399897405,41.29404460010119
2021-04-21,61.34,8.433658234965824,52.906341765032266
2021-04-22,61.45,-40.294547703594176,101.74454770359444
2021-04-23,62.18,-5.976147468567534,68.15614746856954
2021-04-26,62.02,37.07900658137707,24.94099341868423
2021-04-27,63.03,19.32447422298909,43.70552577706985
2021-04-28,63.81,-20.972964336115197,84.78296433622018
2021-04-29,65.0,-6.645934566304332,71.64593456630246
2021-04-30,63.5,16.399415480335435,47.10058451964869
2021-05-03,64.46,18.70524847139898,45.75475152814761
2021-05-04,65.72,8.461278595317125,57.2587214037776
2021-05-05,65.63,-2.161405692481214,67.79140569269657
2021-05-06,64.73,2.9834455206915647,61.74655447923578
2021-05-07,64.96,35.11674076121501,29.843259238637984
2021-05-10,64.92,24.885743716170357,40.03425628319383
2021-05-11,65.31,-22.267575294809376,87.57757529243827
2021-05-12,65.96,5.188678227438732,60.77132177352905
2021-05-13,63.82,237.2538170294637,-173.43381702899933
2021-05-14,65.32,182.12206937349364,-116.80206937342882
2021-05-17,66.24,-103.86223278833846,170.10223278403282
2021-05-18,65.49,296.6889149291931,-231.19891493022442
2021-05-19,63.28,332.3741838635854,-269.0941838622093
2021-05-20,61.95,-311.05483591415936,373.0048359129578
2021-05-21,63.61,49.61102045801333,13.998979542404413
2021-05-24,66.13,-469.2186174727193,535.3486174726859
2021-05-25,66.27,-329.4102344489594,395.68023444898427
2021-05-26,66.41,399.57612895840055,-333.1661289585754
2021-05-27,66.87,-80.50092268659657,147.3709226862993
2021-05-28,66.31,14.873284730551827,51.436715269461274
2021-06-01,67.8,195.59897601787273,-127.7989760178607
2021-06-02,68.79,63.80218234469464,4.987817655302933
2021-06-03,68.81,-166.0736574348935,234.88365743489703
2021-06-04,69.57,38.14893627290652,31.421063727093497
2021-06-07,69.21,275.9771502317221,-206.767150231728
2021-06-08,70.11,316.2615775551322,-246.15157755513064
2021-06-09,69.9,-309.37681825209006,379.27681825208856
2021-06-10,70.34,-21.025593168244722,91.36559316824423
2021-06-11,71.0,272.7400938644839,-201.74009386448233
2021-06-14,70.94,-57.88638583707605,128.8263858370774
2021-06-15,72.06,132.8857103712119,-60.82571037121306
2021-06-16,72.03,351.99174510536324,-279.96174510536275
2021-06-17,71.06,141.27732331290727,-70.21732331290787
2021-06-18,71.64,-202.20777468134904,273.8477746813496
2021-06-21,73.64,-163.0690983614127,236.709098361418
2021-06-22,73.15,85.97502507283248,-12.82502507281606
2021-06-23,73.11,231.46926252319645,-158.35926252319632
2021-06-24,73.31,252.5707950309839,-179.26079503097571
2021-06-25,74.21,204.0276338565793,-129.81763385667
2021-06-28,72.98,121.31284486816391,-48.3328448681641
2021-06-29,73.14,33.941251256694116,39.19874874362722
2021-06-30,73.52,-22.199712420479333,95.7197124203667
2021-07-01,75.33,-35.457297875750825,110.78729787562042
2021-07-02,75.37,172.0670956665001,-96.69709566642996
2021-07-06,73.62,582.4437869420113,-508.82378694199724
2021-07-07,72.22,172.36759091380515,-100.14759091380984
2021-07-08,72.98,-196.24089073228168,269.22089073236566
2021-07-09,74.56,1100.6903013994458,-1026.1303013995057
2021-07-12,74.21,-475.4372856228576,549.6472856228356
2021-07-13,75.24,-143.99650519696414,219.23650519689545
2021-07-14,73.06,2074.156300506689,-2001.096300506615
2021-07-15,71.67,303.9398269319754,-232.26982693187892
2021-07-16,71.76,-1913.6334383856438,1985.393438385683
2021-07-19,66.45,1194.333741285431,-1127.883741285419
2021-07-20,67.32,-2007.8257555555917,2075.1457555557135
2021-07-21,70.26,-16.233736811340407,86.49373681098223
2021-07-22,72.15,8105.713413992888,-8033.563413992524
2021-07-23,72.24,3867.480039924052,-3795.2400399241596
2021-07-26,72.15,-630.2132520998778,702.3632521000691
2021-07-27,71.68,3556.9515114843102,-3485.2715114839375
2021-07-28,72.37,23841.073651597155,-23768.703651597258
2021-07-29,73.62,27875.081417574682,-27801.461417574435
2021-07-30,73.93,2809.3525482880855,-2735.4225482882466
2021-08-02,71.31,-349.2926148271318,420.60261482698843
2021-08-03,70.64,23431.538020955664,-23360.898020955967
2021-08-04,68.19,-182.34399425163446,250.53399425116368
2021-08-05,69.1,59393.15936968379,-59324.05936968338
2021-08-06,68.26,-23763.494818422794,23831.754818422254
2021-08-09,66.56,5805.562675670173,-5739.002675669966
2021-08-10,68.33,-28.618773912803942,96.94877391308546
2021-08-11,69.3,408.3980613234197,-339.0980613233987
2021-08-12,69.12,360.0551988948681,-290.9351988947019
2021-08-13,68.36,6.315739433249695,62.04426056670491
2021-08-16,67.44,-5.484412888545455,72.92441288847476
2021-08-17,66.5,7.6150842748059215,58.88491572532803
2021-08-18,65.36,0.1799104937189009,65.18008950678632
2021-08-19,63.69,-8.402460739076481,72.09246073849499
2021-08-20,62.25,-2.1875924614972613,64.43759246170521
2021-08-23,65.65,9.266941384179837,56.383058615843765
2021-08-24,67.5,6.87705196833147,60.62294803163968
2021-08-25,68.54,-0.25936153387448324,68.79936153441668
2021-08-26,67.42,-1.9145192209730837,69.33451922144741
2021-08-27,68.84,0.9618818127539384,67.87811818724731
2021-08-30,69.28,4.311683316985699,64.96831668308005
2021-08-31,68.43,3.5782975240366106,64.85170247592032
2021-09-01,68.63,-1.1160851936098688,69.7460851939395
2021-09-02,70.07,-4.807984145023562,74.87798414519057
2021-09-03,69.34,-1.7517688705894923,71.09176887059584
2021-09-07,68.49,2.139711953434984,66.35028804652393
2021-09-08,69.36,-10.389545089649843,79.74954508966766
2021-09-09,68.26,8.481991159905833,59.77800884004682
2021-09-10,69.82,-114.1017239792949,183.92172397917602
2021-09-13,70.54,-440.9659160104153,511.50591601023916
2021-09-14,70.53,-364.855253817334,435.3852538172505
2021-09-15,72.59,110.3451094296974,-37.7551094298251
2021-09-16,72.69,483.093148880873,-410.40314888069406
2021-09-17,72.09,371.0250937035311,-298.9350937027484
2021-09-20,70.41,-13.840858242993313,84.25085824262351
2021-09-21,70.51,-44.367496056904805,114.87749605719
2021-09-22,72.37,-272.5995836793149,344.96958367945626
2021-09-23,73.43,-323.68452911929893,397.1145291188732
2021-09-24,74.18,-314.29255321396926,388.4725532140583
2021-09-27,75.54,-302.6464715786841,378.1864715786651
2021-09-28,75.44,-193.18135987790055,268.62135987821966
2021-09-29,75.06,-53.33766797678,128.39766797516495
2021-09-30,75.22,38.048552522922975,37.171447477303445
2021-10-01,76.01,53.391998246662055,22.61800175346434
2021-10-04,77.68,420.82587120318107,-343.14587120317447
2021-10-05,79.17,46.041569830615565,33.12843016938132
2021-10-06,77.66,-680.4349506710994,758.0949506710995
2021-10-07,78.46,-432.9554873089754,511.41548730897557
2021-10-08,79.55,-38.82802869839195,118.37802869839197
2021-10-11,80.64,11.020758501966988,69.61924149803235
2021-10-12,80.75,-68.57646684585788,149.32646684585825
2021-10-13,80.67,-6.395052024495902,87.06505202449625
2021-10-14,81.43,18.396510457810404,63.03348954218927
2021-10-15,82.39,-9.310606661699588,91.70060666169957
2021-10-18,82.62,-32.37128430139023,114.99128430139535
2021-10-19,83.19,-29.271196913802175,112.46119691380227
2021-10-20,84.4,-5.341043775368866,89.74104377536514
2021-10-21,82.64,4.933298265665164,77.70670173433518
2021-10-22,84.53,2.6797333109174257,81.85026668908176
2021-10-25,84.64,0.6802819878177571,83.95971801218184
2021-10-26,85.64,-7.4204739786274505,93.06047397862721
2021-10-27,82.66,-7.32720589778228,89.98720589778168
2021-10-28,82.78,-4.561521133267664,87.34152113326763
2021-10-29,83.5,-2.204369905750635,85.70436990575035
2021-11-01,84.08,-0.9838135127057115,85.06381351270647
2021-11-02,83.91,-0.9356084187448088,84.84560841874554
2021-11-03,80.82,0.034944903605182404,80.78505509639399
2021-11-04,78.88,0.20254385292382826,78.6774561470761
2021-11-05,81.25,-3.3907972391738372,84.64079723917416
2021-11-08,81.96,-0.8924779050150811,82.8524779050149
2021-11-09,84.12,-17.04035059764086,101.16035059764067
2021-11-10,81.23,16.901116045803036,64.32888395419693
2021-11-11,81.47,-7.451065401491801,88.92106540149183
2021-11-12,80.87,18.26370657539202,62.606293424607884
2021-11-15,80.85,-4.13404739485577,84.98404739485568
2021-11-16,80.76,-3.854123080517941,84.61412308051798
2021-11-17,78.32,-2.630091961955666,80.95009196195566
2021-11-18,78.92,-2.7893076699677626,81.70930766996776
2021-11-19,76.11,10.844451724060805,65.26554827593921
2021-11-22,76.74,8.828192210692901,67.91180778930709
2021-11-23,78.32,8.984249654835175,69.3357503451648
2021-11-24,78.32,-20.401445513010753,98.72144551301076
2021-11-29,69.88,-39.48811160358286,109.36811160358286
2021-11-30,66.14,-5.315276089055643,71.45527608905559
2021-12-01,65.44,-22.359786027951145,87.79978602795114
2021-12-02,66.6,-38.926731050329586,105.52673105032954
2021-12-03,66.39,-1.0814697323002163,67.4714697323003
2021-12-06,69.62,-26.441565714013105,96.06156571401334
2021-12-07,71.94,-75.5234407632122,147.46344076321157
2021-12-08,72.43,-95.6930763322063,168.12307633220644
2021-12-09,70.87,-47.72214480155627,118.59214480155606
2021-12-10,71.71,16.54031960555061,55.16968039444964
2021-12-13,71.19,31.29536226166828,39.89463773833086
2021-12-14,70.57,-2.981342303967188,73.55134230396743
2021-12-15,70.89,-307.7428354504143,378.6328354504126
2021-12-16,72.34,-1342.6281747235823,1414.9681747235827
2021-12-17,70.93,-2195.4931284759255,2266.423128475926
2021-12-20,68.69,-1112.696821099428,1181.3868210994278
2021-12-21,71.1,315.32234175713245,-244.22234175713174
2021-12-22,72.82,-1958.8266408975837,2031.6466408975834
2021-12-23,73.89,-7396.351540528147,7470.241540528146
2021-12-27,75.49,-3757.848524353843,3833.3385243538432
2021-12-28,76.01,2207.9827587526106,-2131.9727587526104
2021-12-29,76.58,-3732.53679094539,3809.116790945389
2021-12-30,76.83,-4299.889015291751,4376.71901529175
2021-12-31,75.33,-1947.5461787999836,2022.8761787999836
2022-01-03,75.99,2422.91549172984,-2346.9254917298413
2022-01-04,77.0,-2936.122394325677,3013.1223943256764
2022-01-05,77.83,-1547.853136793236,1625.6831367932355
2022-01-06,79.47,3470.349283124478,-3390.8792831244764
2022-01-07,79.0,-795.6692045908792,874.669204590879
2022-01-10,78.11,-2733.681214716253,2811.7912147162533
2022-01-11,81.17,5.015122268814291,76.15487773118548
2022-01-12,82.51,302.383819568339,-219.87381956833906
2022-01-13,81.97,-140.4408953403891,222.41089534038883
2022-01-14,83.82,-142.72283600164542,226.54283600164536
2022-01-18,85.42,19.485861795835994,65.93413820416458
2022-01-19,86.84,-26.034648871368482,112.87464887136844
2022-01-20,86.29,-46.88018003957484,133.1701800395747
2022-01-21,85.16,-2.5052199939985407,87.6652199939985
2022-01-24,84.48,20.037183334452784,64.44281666554718
2022-01-25,86.61,-7.033648726821438,93.64364872682154
2022-01-26,88.33,-29.52463853317449,117.85463853317447
2022-01-27,87.61,-18.092102321145347,105.70210232114539
2022-01-28,87.67,-25.055434062241105,112.72543406224113
2022-01-31,89.16,16.3895098821964,72.77049011780352
2022-02-01,88.22,7.082640848195088,81.13735915180492
2022-02-02,88.16,-87.63271101755923,175.79271101755924
2022-02-03,90.17,75.56820306433946,14.60179693566053
2022-02-04,92.27,-81.42128527583631,173.6912852758363
2022-02-07,91.25,84.92554716569761,6.324452834302406
2022-02-08,89.32,-69.75265447689455,159.0726544768945
2022-02-09,89.57,23.71667393226751,65.85332606773252
2022-02-10,89.83,-20.519638749558354,110.34963874955835
2022-02-11,93.1,12.449294944744597,80.65070505525543
2022-02-14,95.52,-3.894004990116999,99.41400499011702
