Date,PF1_xgb_resid,VPF_xgb_resid,XGB_combined
2021-02-23,342466.6,821506.25,1163972.9
2021-02-24,-3372695.2,2034890.2,-1337805.0
2021-02-25,57841.02,-13476.956,44364.062
2021-02-26,1604610.2,1713479.6,3318090.0
2021-03-01,311.9784,-646.0086,-334.0302
2021-03-02,296.6363,-333.87292,-37.236633
2021-03-03,177.64616,-183.41795,-5.7717896
2021-03-04,218.45642,-311.26575,-92.809326
2021-03-05,303.2879,-261.3476,41.940308
2021-03-08,310.14444,-282.00665,28.137787
2021-03-09,223.40115,-372.85825,-149.45709
2021-03-10,232.79048,-510.53662,-277.74615
2021-03-11,286.1683,-510.89746,-224.72916
2021-03-12,226.99374,-213.1039,13.889847
2021-03-15,122.948395,-214.47955,-91.53116
2021-03-16,171.61035,-483.89148,-312.28113
2021-03-17,170.94142,-350.1297,-179.18828
2021-03-18,488.7222,-399.52875,89.19345
2021-03-19,360.0428,-476.41196,-116.36917
2021-03-22,696.0763,-664.2481,31.828186
2021-03-23,290.19507,-278.17642,12.018646
2021-03-24,308.19684,-460.9842,-152.78735
2021-03-25,336.73486,-446.77814,-110.043274
2021-03-26,362.10886,-450.50378,-88.39493
2021-03-29,353.01837,-352.25925,0.75912476
2021-03-30,283.52637,-270.60754,12.918823
2021-03-31,291.35248,-361.84067,-70.48819
2021-04-01,290.84784,-361.17465,-70.32681
2021-04-05,384.94534,-503.7316,-118.786255
2021-04-06,165.84196,-443.5538,-277.71185
2021-04-07,328.34055,-442.7802,-114.43967
2021-04-08,434.48642,-750.95215,-316.46573
2021-04-09,322.48193,-429.29843,-106.8165
2021-04-12,322.19098,-427.33005,-105.13907
2021-04-13,321.63638,-426.5899,-104.95352
2021-04-14,321.08374,-425.852,-104.76825
2021-04-15,320.53293,-425.11725,-104.58432
2021-04-16,319.98413,-424.3843,-104.40018
2021-04-19,217.37296,-226.84512,-9.472168
2021-04-20,353.88687,-362.2675,-8.380615
2021-04-21,353.27393,-361.6229,-8.3489685
2021-04-22,352.66342,-360.98065,-8.31723
2021-04-23,352.05502,-360.3405,-8.285492
2021-04-26,351.44824,-359.7027,-8.254456
2021-04-27,337.9746,-359.50497,-21.530365
2021-04-28,337.38202,-358.87128,-21.489258
2021-04-29,380.3573,-465.86703,-85.509735
2021-04-30,306.85706,-274.3398,32.517242
2021-05-03,249.71158,-114.26421,135.44736
2021-05-04,597.2968,-328.43872,268.8581
2021-05-05,600.63324,-327.88513,272.7481
2021-05-06,595.5548,-287.51495,308.03986
2021-05-07,325.27692,-303.94122,21.335693
2021-05-10,543.24023,-150.28738,392.95285
2021-05-11,398.58093,-283.70865,114.872284
2021-05-12,327.8652,-247.62793,80.237274
2021-05-13,395.24945,-392.05634,3.1931152
2021-05-14,291.60294,-112.67195,178.93098
2021-05-17,701.5252,-286.81207,414.71313
2021-05-18,390.38446,-286.7492,103.635254
2021-05-19,418.0139,-294.57812,123.43576
2021-05-20,334.7093,-292.0019,42.707397
2021-05-21,373.0442,-488.9713,-115.927124
2021-05-24,218.75958,-294.95813,-76.19855
2021-05-25,413.90875,-400.732,13.176758
2021-05-26,220.5418,-527.31995,-306.77814
2021-05-27,220.1702,-433.6145,-213.4443
2021-05-28,200.79828,-276.4276,-75.62933
2021-06-01,275.76755,-444.23206,-168.46451
2021-06-02,319.49918,-311.89505,7.604126
2021-06-03,414.9819,-49.077312,365.9046
2021-06-04,111.22385,-547.2773,-436.05344
2021-06-07,301.71423,-241.64407,60.07016
2021-06-08,169.31488,-123.27901,46.035873
2021-06-09,167.56331,-261.8304,-94.267105
2021-06-10,161.56546,-249.58945,-88.02399
2021-06-11,161.30806,-249.90875,-88.60069
2021-06-14,276.17877,-257.80136,18.37741
2021-06-15,109.108,-186.03256,-76.92456
2021-06-16,210.37854,-164.07089,46.307648
2021-06-17,149.8523,-133.61336,16.238937
2021-06-18,362.8174,-269.07108,93.74634
2021-06-21,362.60992,-270.0921,92.51782
2021-06-22,323.9119,-402.2513,-78.33942
2021-06-23,266.6823,-235.469,31.213318
2021-06-24,325.77832,-270.94934,54.82898
2021-06-25,355.0611,-269.31314,85.747955
2021-06-28,338.72287,-357.30917,-18.586304
2021-06-29,243.88095,-221.44447,22.436478
2021-06-30,243.50485,-221.07489,22.429962
2021-07-01,257.7556,-250.8875,6.8681183
2021-07-02,233.20073,-366.07,-132.86928
2021-07-06,251.35661,-259.96722,-8.610611
2021-07-07,200.85925,-196.03883,4.8204193
2021-07-08,246.64656,-239.92818,6.718384
2021-07-09,87.05081,-256.50995,-169.45914
2021-07-12,81.99418,-78.07582,3.9183578
2021-07-13,279.0771,-77.79143,201.28566
2021-07-14,236.75467,-182.34245,54.412216
2021-07-15,112.09016,-275.09824,-163.00809
2021-07-16,132.54292,-246.19221,-113.64929
2021-07-19,91.87295,-245.63019,-153.75723
2021-07-20,181.88931,-437.53003,-255.64072
2021-07-21,230.28275,-206.73651,23.546234
2021-07-22,372.38205,-206.40747,165.97458
2021-07-23,390.95505,-221.61609,169.33896
2021-07-26,183.63351,-258.84726,-75.213745
2021-07-27,242.43059,-351.52042,-109.08983
2021-07-28,153.48386,-207.62662,-54.14276
2021-07-29,241.07367,-606.68176,-365.6081
2021-07-30,332.4169,-382.03928,-49.622375
2021-08-02,280.21262,-381.426,-101.21338
2021-08-03,282.95334,-449.026,-166.07266
2021-08-04,277.92926,-386.9286,-108.99933
2021-08-05,292.6207,-157.77159,134.8491
2021-08-06,116.341064,-241.38565,-125.044586
2021-08-09,45.53488,-414.02155,-368.48666
2021-08-10,69.81693,-398.04132,-328.2244
2021-08-11,179.90186,-205.14554,-25.243683
2021-08-12,114.67302,-309.34845,-194.67543
2021-08-13,134.48251,-271.10147,-136.61896
2021-08-16,84.08299,-2284.246,-2200.163
2021-08-17,90.41874,-470.92953,-380.5108
2021-08-18,90.267555,-470.14334,-379.8758
2021-08-19,212.62488,-343.44223,-130.81735
2021-08-20,212.31235,-342.9303,-130.61795
2021-08-23,212.51508,-354.5587,-142.04361
2021-08-24,291.67114,-313.3981,-21.72696
2021-08-25,174.94917,-409.5261,-234.57692
2021-08-26,122.553345,-334.46616,-211.91281
2021-08-27,165.32545,-367.00027,-201.67482
2021-08-30,165.07812,-355.74783,-190.66971
2021-08-31,144.65442,-380.1952,-235.54077
2021-09-01,269.24908,-400.10944,-130.86035
2021-09-02,248.32137,-245.29526,3.0261078
2021-09-03,310.8638,-159.84967,151.01413
2021-09-07,321.76794,-445.35858,-123.59064
2021-09-08,173.21358,-200.67352,-27.459946
2021-09-09,238.77905,-333.98938,-95.21033
2021-09-10,126.99898,-406.08646,-279.08746
2021-09-13,126.806465,-405.4865,-278.68005
2021-09-14,462.38348,-88.38442,373.99905
2021-09-15,462.0272,-88.266235,373.76096
2021-09-16,460.05957,-177.44394,282.61563
2021-09-17,205.85059,-260.3921,-54.541504
2021-09-20,252.58292,-85.763916,166.819
2021-09-21,245.73679,-148.27383,97.46295
2021-09-22,251.41902,-276.634,-25.214981
2021-09-23,262.23325,-179.15402,83.07922
2021-09-24,261.79593,-194.9987,66.797226
2021-09-27,281.09082,-257.84378,23.24704
2021-09-28,166.07657,-291.79684,-125.720276
2021-09-29,251.99034,-111.30246,140.68788
2021-09-30,180.7706,-144.127,36.6436
2021-10-01,180.52954,-143.89426,36.635284
2021-10-04,33.478027,-250.38832,-216.9103
2021-10-05,254.5709,-191.15892,63.411987
2021-10-06,132.182,-172.60954,-40.427536
2021-10-07,84.943985,-383.8325,-298.8885
2021-10-08,210.26086,-430.05545,-219.79459
2021-10-11,48.81556,-428.9192,-380.10364
2021-10-12,122.202286,-526.76575,-404.56348
2021-10-13,271.14276,-118.46352,152.67924
2021-10-14,234.58438,-118.26164,116.32274
2021-10-15,234.27687,-118.06022,116.21665
2021-10-18,233.97035,-117.85945,116.1109
2021-10-19,163.32578,-68.3553,94.970474
2021-10-20,184.46762,-292.58533,-108.11771
2021-10-21,184.18796,-292.15112,-107.963165
2021-10-22,196.39668,-291.71817,-95.32149
2021-10-25,196.2751,-283.03543,-86.76033
2021-10-26,291.88208,-243.83981,48.042267
2021-10-27,318.6756,-415.81516,-97.13956
2021-10-28,338.16644,-349.8791,-11.7126465
2021-10-29,224.06152,-407.26703,-183.2055
2021-11-01,153.10011,-262.37747,-109.27736
2021-11-02,197.82297,-239.536,-41.713028
2021-11-03,197.5079,-346.22318,-148.71527
2021-11-04,126.20911,-130.4474,-4.2382965
2021-11-05,413.47876,-298.8781,114.60065
2021-11-08,378.16415,-326.38037,51.783783
2021-11-09,274.51865,-439.81058,-165.29193
2021-11-10,133.26038,-322.22076,-188.96039
2021-11-11,285.5318,-126.53754,158.99426
2021-11-12,179.26578,-132.5604,46.705383
2021-11-15,31.553143,-274.65167,-243.09853
2021-11-16,42.621254,-274.26965,-231.6484
2021-11-17,44.323116,-327.29163,-282.9685
2021-11-18,163.50713,-227.34369,-63.836563
2021-11-19,195.43948,-192.30429,3.1351929
2021-11-22,257.38672,-274.7057,-17.31897
2021-11-23,234.55695,-274.316,-39.759064
2021-11-24,247.97797,-193.96153,54.016434
2021-11-29,247.65993,-110.381485,137.27844
2021-11-30,211.51236,-154.74911,56.763245
2021-12-01,160.8982,-154.548,6.350189
2021-12-02,160.31418,-349.2621,-188.9479
2021-12-03,156.13094,-155.07602,1.0549164
2021-12-06,201.6517,-253.61188,-51.960175
2021-12-07,96.68942,-274.40662,-177.7172
2021-12-08,101.28825,-265.39578,-164.10753
2021-12-09,164.512,-333.60336,-169.09137
2021-12-10,164.28822,-331.91992,-167.6317
2021-12-13,134.64261,-203.11441,-68.4718
2021-12-14,134.45415,-202.80963,-68.355484
2021-12-15,259.7427,-235.59784,24.144867
2021-12-16,298.11102,-326.54486,-28.433838
2021-12-17,287.86127,-326.0995,-38.23822
2021-12-20,287.46103,-325.65524,-38.194214
2021-12-21,158.60556,-179.94418,-21.338623
2021-12-22,158.39464,-179.70529,-21.310654
2021-12-23,158.18442,-179.46703,-21.282608
2021-12-27,184.20721,-258.37048,-74.16327
2021-12-28,196.9336,-166.52971,30.403885
2021-12-29,192.66302,-211.47035,-18.807327
2021-12-30,71.65109,-112.56038,-40.909286
2021-12-31,275.4926,-132.18748,143.30513
2022-01-03,275.14023,-137.9009,137.23933
2022-01-04,230.1223,-273.98392,-43.861618
2022-01-05,229.82559,-149.12363,80.701965
2022-01-06,74.34239,-231.9087,-157.56631
2022-01-07,91.94213,-242.73935,-150.79721
2022-01-10,91.816826,-296.95618,-205.13934
2022-01-11,390.6729,-218.25569,172.41722
2022-01-12,390.49347,-133.95343,256.54004
2022-01-13,187.545,-147.27559,40.26941
2022-01-14,125.253876,-201.72104,-76.46716
2022-01-18,111.02844,-201.46098,-90.43254
2022-01-19,190.94234,-313.66995,-122.727615
2022-01-20,190.70244,-313.2762,-122.57378
2022-01-21,190.29906,-140.83687,49.46219
2022-01-24,207.11116,-259.33493,-52.22377
2022-01-25,206.83913,-258.85977,-52.020645
2022-01-26,267.99298,-262.22336,5.769623
2022-01-27,267.64954,-298.30078,-30.651245
2022-01-28,197.14091,-302.13605,-104.99513
2022-01-31,129.9465,-196.12395,-66.177444
2022-02-01,223.64816,-194.46234,29.185822
2022-02-02,220.33727,-334.43695,-114.099686
2022-02-03,282.86588,-334.02435,-51.158478
2022-02-04,56.54328,-208.86974,-152.32645
2022-02-07,97.72375,-288.09418,-190.37042
2022-02-08,71.273605,-287.73108,-216.45747
2022-02-09,99.76134,-351.55002,-251.78868
2022-02-10,99.63712,-351.2517,-251.6146
2022-02-11,131.29099,-687.6646,-556.37366
2022-02-14,157.2402,-348.70154,-191.46133
