Date,Actual,LMD_ARIMA,LMD_SD_ARIMA_XGBoost
2021-02-23,61.66,60.1684199360825,-825527.4315800639
2021-02-24,63.21,62.16974599566311,817395.6697459957
2021-02-25,63.43,64.61387951672077,318308.8338795167
2021-02-26,61.55,48.31073908507824,850982.5607390851
2021-03-01,60.54,85.59378721565008,-248.4364127843499
2021-03-02,59.7,65.28958453983068,28.052951539830687
2021-03-03,61.33,63.687995214015245,57.91620561401525
2021-03-04,63.81,92.66329428181052,-0.14603171818947658
2021-03-05,66.08,53.50659496709704,95.44690296709703
2021-03-08,65.03,58.309688864741474,86.44747586474148
2021-03-09,64.02,73.88013707753271,-75.57695292246729
2021-03-10,64.45,71.81173131428659,-205.9344186857134
2021-03-11,66.02,60.51991832931526,-33.33158167068474
2021-03-12,65.59,63.17956362036057,77.06941062036057
2021-03-15,65.36,69.59774890984409,-21.933411090155914
2021-03-16,64.82,67.59432939719409,-244.68680060280593
2021-03-17,64.55,61.91552424139809,-117.2727557586019
2021-03-18,59.95,63.263326964341104,152.4567769643411
2021-03-19,61.43,65.30438763950951,-51.06478236049048
2021-03-22,61.48,62.77225318248384,-354.93999681751615
2021-03-23,57.75,58.11209336307365,70.13073936307364
2021-03-24,61.12,57.450626073929016,-95.33672392607099
2021-03-25,58.47,61.44428487413097,-48.598989125869025
2021-03-26,60.93,61.2605421198532,-27.134387880146804
2021-03-29,61.49,59.62781610182719,60.38694086182719
2021-03-30,60.55,59.02759466787393,71.94641766787393
2021-03-31,59.19,60.95648823020747,-9.531701769792534
2021-04-01,61.41,61.77849212553701,-8.548317874462988
2021-04-05,58.73,60.83447458171577,-57.95178041828423
2021-04-06,59.34,58.50989426160231,-219.20195573839771
2021-04-07,59.77,58.67854634085961,-55.761123659140395
2021-04-08,59.61,59.74534186589881,-256.7203881341012
2021-04-09,59.29,60.26543340412536,-46.551066595874644
2021-04-12,59.7,59.68004466374987,-45.459025336250136
2021-04-13,60.2,59.0817946777679,-45.871725322232095
2021-04-14,63.15,59.4819626790304,-45.28628732096959
2021-04-15,63.42,61.78058233605407,-42.80373766394594
2021-04-16,63.16,63.68629136051368,-40.71388863948633
2021-04-19,63.33,64.17056861654055,54.69840061654055
2021-04-20,62.61,63.33946881332304,54.95885381332304
2021-04-21,61.34,62.334890949690816,53.98592244969082
2021-04-22,61.45,61.801155077724616,53.483925077724614
2021-04-23,62.18,61.620816119218944,53.335324119218946
2021-04-26,62.02,61.64120905060372,53.38675305060372
2021-04-27,63.03,61.88851305064884,40.358148050648836
2021-04-28,63.81,62.73153642966645,41.24227842966645
2021-04-29,65.0,63.53325102834742,-21.976483971652584
2021-04-30,63.5,64.50667662239357,97.02391862239358
2021-05-03,64.46,64.42827652306005,199.87563652306005
2021-05-04,65.72,64.31421601702868,224.8892860170287
2021-05-05,65.63,64.58407644043382,224.82458644043382
2021-05-06,64.73,65.47735024086273,265.92105024086277
2021-05-07,64.96,65.83434818761634,87.17004118761633
2021-05-10,64.92,65.22664204960438,458.1794920496044
2021-05-11,65.31,64.37713528322581,179.2494192832258
2021-05-12,65.96,64.68506031380912,144.92233431380913
2021-05-13,63.82,65.80481013854379,68.99792533854378
2021-05-14,65.32,65.42771233968642,244.35869233968643
2021-05-17,66.24,64.8589934606411,96.7279814606411
2021-05-18,65.49,64.82652025270755,168.46177425270756
2021-05-19,63.28,65.71628812328743,189.15204812328744
2021-05-20,61.95,65.35307930231153,108.06047630231153
2021-05-21,63.61,63.02312630565615,203.33574630565616
2021-05-24,66.13,61.64458724265346,-14.55396275734654
2021-05-25,66.27,63.625502477889086,76.80226047788909
2021-05-26,66.41,66.87298311426173,-239.90515688573828
2021-05-27,66.87,68.14433779156505,-145.29996220843495
2021-05-28,66.31,66.87042674798653,-8.758903252013468
2021-06-01,67.8,65.45982167335339,-103.0046883266466
2021-06-02,68.79,66.53211296472745,74.13623896472744
2021-06-03,68.81,68.62051908595204,434.52511908595204
2021-06-04,69.57,69.67099340108967,-366.38244659891035
2021-06-07,69.21,69.53376038997885,129.60392038997884
2021-06-08,70.11,68.89700327898333,114.93287627898334
2021-06-09,69.9,69.40949456763823,-24.857610432361767
2021-06-10,70.34,70.11733927314341,-17.906650726856583
2021-06-11,71.0,70.57998084034645,-18.02070915965355
2021-06-14,70.94,70.66293347837106,89.04034347837106
2021-06-15,72.06,70.74555204447871,-6.179007955521286
2021-06-16,72.03,71.55007156150506,117.85771956150506
2021-06-17,71.06,72.15598876168795,88.39492576168794
2021-06-18,71.64,71.90333708192763,76.39940008192764
2021-06-21,73.64,71.40806302879817,74.36155422879817
2021-06-22,73.15,72.03975161669612,-6.299668383303882
2021-06-23,73.11,73.23024609100386,13.200293091003864
2021-06-24,73.31,74.05137738946468,128.88035738946468
2021-06-25,74.21,73.52680342855069,159.27475842855068
2021-06-28,72.98,73.18808134719399,54.60177734719399
2021-06-29,73.14,73.21951985904748,95.65599785904749
2021-06-30,73.52,73.59779467693328,96.02775667693328
2021-07-01,75.33,73.43484778750289,80.3029660875029
2021-07-02,75.37,74.05718199472302,167.10242199472304
2021-07-06,73.62,75.16504021619369,66.55442921619368
2021-07-07,72.22,75.24426233901602,80.06468163901602
2021-07-08,72.98,73.46231519787955,80.18069919787955
2021-07-09,74.56,71.82805103039226,-96.46230896960773
2021-07-12,74.21,72.62282309871381,76.5411808987138
2021-07-13,75.24,74.65053540030232,275.9361954003023
2021-07-14,73.06,76.0325443160611,160.7927043160611
2021-07-15,71.67,74.4183985615748,-88.5896914384252
2021-07-16,71.76,71.98380743004668,-41.66548256995331
2021-07-19,66.45,70.8153086744012,-82.9419213255988
2021-07-20,67.32,68.8673611170741,-186.7733588829259
2021-07-21,70.26,67.62942561940531,91.17565961940531
2021-07-22,72.15,67.63341444617299,233.607994446173
2021-07-23,72.24,70.32850701160442,239.6674670116044
2021-07-26,72.15,73.38729094640348,-1.826454053596521
2021-07-27,71.68,73.76910956575557,-35.320720434244436
2021-07-28,72.37,71.72916881573883,37.79584881573883
2021-07-29,73.62,70.80938532430446,49.21490332430446
2021-07-30,73.93,72.4303164673729,22.807941467372906
2021-08-02,71.31,74.5302988471085,-26.683081152891504
2021-08-03,70.64,73.74619405194062,110.49747405194063
2021-08-04,68.19,71.09624073600571,-56.54798526399429
2021-08-05,69.1,68.08691910265179,202.93601910265178
2021-08-06,68.26,67.91868220461765,-57.12590379538234
2021-08-09,66.56,68.65513627821565,-299.8315237217843
2021-08-10,68.33,68.28002482308966,-259.94437517691034
2021-08-11,69.3,67.57770588041603,42.33402288041603
2021-08-12,69.12,67.70551228915429,-126.96991771084572
2021-08-13,68.36,69.15790579837267,-67.46105420162732
2021-08-16,67.44,69.77503881859411,-119.82202118140589
2021-08-17,66.5,68.34585266790282,-312.1649473320972
2021-08-18,65.36,66.29296520235766,-313.58283479764236
2021-08-19,63.69,65.19346545877761,-65.6238845412224
2021-08-20,62.25,64.56890172409112,-66.04904827590889
2021-08-23,65.65,63.31679857180325,-78.72681142819675
2021-08-24,67.5,63.52304315857464,41.79608315857464
2021-08-25,68.54,65.58172187716445,-168.99519812283555
2021-08-26,67.42,68.7682265788136,-143.1445834211864
2021-08-27,68.84,69.4532431270909,-132.2215768729091
2021-08-30,69.28,68.43686799852867,-122.23284200147134
2021-08-31,68.43,67.75773331741016,-167.78303668258985
2021-09-01,68.63,68.54604134135639,-62.314308658643625
2021-09-02,70.07,69.45048864657156,72.47659644657156
2021-09-03,69.34,69.62164601429163,220.63577601429162
2021-09-07,68.49,69.20674064930131,-3.5586993506986886
2021-09-08,69.36,68.98760206254269,41.52765606254269
2021-09-09,68.26,69.08308189545892,-39.36351210454109
2021-09-10,69.82,68.60466615131469,-210.48279384868533
2021-09-13,70.54,69.07515090764974,-209.60489909235025
2021-09-14,70.53,69.93714560073585,242.29752560073584
2021-09-15,72.59,70.82782736073989,242.8891673607399
2021-09-16,72.69,71.94562013542486,154.63193013542485
2021-09-17,72.09,72.49293340838182,17.951429408381813
2021-09-20,70.41,72.64992374438964,239.46892374438963
2021-09-21,70.51,71.55416368709027,169.01711368709027
2021-09-22,72.37,70.28973236086586,45.074751360865854
2021-09-23,73.43,70.6223764960148,153.70159649601482
2021-09-24,74.18,72.62618141908723,139.42340741908723
2021-09-27,75.54,74.71082930265328,97.95786930265328
2021-09-28,75.44,75.59879288064661,-50.121483119353385
2021-09-29,75.06,75.2953580875257,215.9832380875257
2021-09-30,75.22,75.042265937129,111.685865937129
2021-10-01,76.01,75.15918738381728,111.79447138381728
2021-10-04,77.68,75.62306036964114,-141.28723963035887
2021-10-05,79.17,76.78343408407034,140.19542108407035
2021-10-06,77.66,78.48658838188888,38.059052381888876
2021-10-07,78.46,78.94026715928038,-219.94823284071964
2021-10-08,79.55,78.64300632620632,-141.15158367379368
2021-10-11,80.64,78.35964814389092,-301.74399185610906
2021-10-12,80.75,79.57940034027669,-324.9840796597233
2021-10-13,80.67,81.18977503102889,233.86901503102888
2021-10-14,81.43,81.55354721538627,197.87628721538627
2021-10-15,82.39,81.02764032901848,197.2442903290185
2021-10-18,82.62,81.21863876044137,197.32953876044138
2021-10-19,83.19,82.41109865658999,177.38157265658998
2021-10-20,84.4,83.5757104056604,-24.5419995943396
2021-10-21,82.64,84.10703544016084,-23.85612955983916
2021-10-22,84.53,83.3545808222308,-11.966909177769196
2021-10-25,84.64,83.61875338892482,-3.1415766110751804
2021-10-26,85.64,84.13865281879521,132.18091981879522
2021-10-27,82.66,85.4316402794664,-11.70791972053361
2021-10-28,82.78,84.67511950477967,72.96247300477967
2021-10-29,83.5,83.10553448010828,-100.09996551989173
2021-11-01,84.08,82.05902244141163,-27.218337558588374
2021-11-02,83.91,83.10315604824325,41.39012804824325
2021-11-03,80.82,84.66445890021942,-64.05081109978059
2021-11-04,78.88,83.396423523327,79.158127023327
2021-11-05,81.25,79.93478015022346,194.53543015022348
2021-11-08,81.96,78.50312325035807,130.28690625035807
2021-11-09,84.12,80.30392480521441,-84.9880051947856
2021-11-10,81.23,84.17768348673364,-104.78270651326635
2021-11-11,81.47,84.24560304001602,243.23986304001602
2021-11-12,80.87,81.86319130495049,90.28537130495049
2021-11-15,80.85,79.47121453011849,-163.62731546988152
2021-11-16,80.76,79.94524961842879,-151.70315038157122
2021-11-17,78.32,81.4698883843234,-201.49861161567662
2021-11-18,78.92,80.54654060866234,16.709977608662342
2021-11-19,76.11,78.59854706053639,81.73373996053638
2021-11-22,76.74,76.22404346400732,58.90507346400732
2021-11-23,78.32,76.2008751432769,36.4418111432769
2021-11-24,78.32,77.47618652406568,131.49262052406567
2021-11-29,69.88,78.5963984682203,215.87483846822028
2021-11-30,66.14,75.02770553820663,131.79095053820663
2021-12-01,65.44,68.64448513357586,74.99467413357586
2021-12-02,66.6,63.234289927859066,-125.71361007214094
2021-12-03,66.39,63.59712725450063,64.65204365450063
2021-12-06,69.62,67.14187238987489,15.181697389874891
2021-12-07,71.94,70.16217117420703,-107.55502882579296
2021-12-08,72.43,70.8948104182976,-93.2127195817024
2021-12-09,70.87,71.50643683563275,-97.58493316436726
2021-12-10,71.71,71.95467365472447,-95.67702634527552
2021-12-13,71.19,72.01722848938736,3.545428489387362
2021-12-14,70.57,71.07510299310177,2.7196189931017614
2021-12-15,70.89,70.5151731641995,94.6600401641995
2021-12-16,72.34,70.70825384625857,42.27441584625857
2021-12-17,70.93,71.62299190918748,33.38477190918748
2021-12-20,68.69,71.75174239489934,33.557528394899336
2021-12-21,71.1,70.39503662157472,49.05641362157472
2021-12-22,72.82,69.62750121975341,48.31684721975341
2021-12-23,73.89,70.67654632915128,49.39393832915128
2021-12-27,75.49,73.61427643063689,-0.5489935693631054
2021-12-28,76.01,76.03719624390396,106.44108124390397
2021-12-29,76.58,76.2949299938291,57.4876029938291
2021-12-30,76.83,75.9543421962212,35.0450561962212
2021-12-31,75.33,76.28139010477071,219.5865201047707
2022-01-03,75.99,76.35114230388353,213.59047230388353
2022-01-04,77.0,76.15561100348941,32.29399300348941
2022-01-05,77.83,76.01885730766344,156.72082230766344
2022-01-06,79.47,77.00289938150445,-80.56341061849554
2022-01-07,79.0,78.99196256882237,-71.80524743117763
2022-01-10,78.11,79.83319569662638,-125.30614430337363
2022-01-11,81.17,79.05120319471871,13.135063194718711
2022-01-12,82.51,79.17933975918777,97.36302475918777
2022-01-13,81.97,80.89561745477283,121.16502745477283
2022-01-14,83.82,83.01249825446513,6.545338254465122
2022-01-18,85.42,84.14479755215154,-6.2877424478484585
2022-01-19,86.84,84.27129384348702,-38.456321156512985
2022-01-20,86.29,85.51270762590883,-37.06107237409117
2022-01-21,85.16,86.95644536301893,136.41863536301892
2022-01-24,84.48,86.75209900050575,34.52832900050575
2022-01-25,86.61,84.8554032347684,32.8347582347684
2022-01-26,88.33,84.47101184623125,90.24063484623125
2022-01-27,87.61,86.69229165631532,56.04104665631532
2022-01-28,87.67,88.97274268771736,-16.022387312282646
2022-01-31,89.16,89.05953974820939,22.882095748209395
2022-02-01,88.22,87.99372972233743,117.17955172233744
2022-02-02,88.16,87.53429440570818,-26.565391594291825
2022-02-03,90.17,88.47663115916998,37.31815315916998
2022-02-04,92.27,89.73114443866723,-62.595305561332765
2022-02-07,91.25,91.07125486648924,-99.29916513351075
2022-02-08,89.32,91.82343176175164,-124.63403823824837
2022-02-09,89.57,91.092018222931,-154.460701777069
2022-02-10,89.83,89.47834470445191,-155.71364529554808
2022-02-11,93.1,88.6036042484475,-43.77789575155249
2022-02-14,95.52,90.95250279116448,-100.50882720883553
